[
  {
    "timestamp": "03:20",
    "question": "What practical lifestyle and productivity tips were shared in the podcast to help students maintain energy and focus during academic events?",
    "answer": "The podcast shared several **practical lifestyle and productivity tips** to help students maintain energy and focus during academic events:\n\n- **Dress in light, breathable fabrics** to stay cool and comfortable, especially in warm and humid conditions. This helps prevent overheating and discomfort, which can distract from academic focus.\n\n- **Stay hydrated** to help your body cope with both humidity and moderate air quality issues. Proper hydration is essential for maintaining energy levels and cognitive performance, particularly during long academic events.\n\n- **Monitor air quality** and, if sensitive to pollution, limit strenuous outdoor activity and consider wearing a mask when commuting. Keeping windows closed during peak traffic hours can also help minimize exposure to pollutants, supporting better respiratory health and sustained focus.\n\n- **Plan your commute** to avoid peak traffic times, especially near college areas, to reduce stress and fatigue before academic events.\n\nIn addition to the podcast\u2019s advice, widely recommended productivity strategies for students include:\n\n- **Use a structured study calendar** or planner to organize tasks, deadlines, and study blocks. This helps manage time efficiently, reduces stress, and ensures a balance between academic and personal responsibilities[1].\n\n- **Prioritize tasks** by urgency and importance, tackling high-priority assignments first to avoid last-minute stress and maintain steady progress[1][3].\n\n- **Break study sessions into focused blocks** (60\u201390 minutes) followed by short breaks. This time-blocking technique helps sustain concentration and prevents burnout[1][3].\n\n- **Avoid all-nighters** and ensure adequate sleep, as rest is crucial for memory retention, energy, and effective learning[2].\n\n- **Minimize distractions** (such as unnecessary screen time) and focus on one task at a time to improve discipline and reduce stress[2][3].\n\n- **Stay flexible** and adjust your schedule as needed to accommodate unexpected events, which helps maintain productivity without added pressure[1].\n\nThese combined lifestyle and productivity tips are designed to help students **maintain energy, focus, and well-being** during demanding academic periods.",
    "answered_at": "{\"time\": \"now\"}"
  }
]